city_name,datetime,temperature_avg
Copenhagen,2020-01-01,-1.1
Copenhagen,2020-01-02,-3.8000000000000003
Copenhagen,2020-01-03,-0.10000000000000009
Copenhagen,2020-01-04,-2.4
Copenhagen,2020-01-05,-1.5500000000000003
Copenhagen,2020-01-06,1.85
Copenhagen,2020-01-07,0.9999999999999999
Copenhagen,2020-01-08,1.9500000000000002
Copenhagen,2020-01-09,2.8
Copenhagen,2020-01-10,3.0500000000000003
Copenhagen,2020-01-11,-0.5
Copenhagen,2020-01-12,0.45
Copenhagen,2020-01-13,0.6499999999999999
Copenhagen,2020-01-14,0.25
Copenhagen,2020-01-15,2.55
Copenhagen,2020-01-16,1.6
Copenhagen,2020-01-17,1.5
Copenhagen,2020-01-18,0.7999999999999999
Copenhagen,2020-01-19,-0.15000000000000013
Copenhagen,2020-01-20,-0.6000000000000001
Copenhagen,2020-01-21,0.95
Copenhagen,2020-01-22,0.40000000000000013
Copenhagen,2020-01-23,-0.9500000000000001
Copenhagen,2020-01-24,1.75
Copenhagen,2020-01-25,1.9500000000000002
Copenhagen,2020-01-26,-1.0999999999999999
Copenhagen,2020-01-27,0.0
Copenhagen,2020-01-28,0.29999999999999993
Copenhagen,2020-01-29,-1.35
Copenhagen,2020-01-30,-0.10000000000000009
Copenhagen,2020-01-31,1.95
Copenhagen,2020-02-01,2.4000000000000004
Copenhagen,2020-02-02,-0.9500000000000001
Copenhagen,2020-02-03,0.15000000000000002
Copenhagen,2020-02-04,-2.45
Copenhagen,2020-02-05,-2.1999999999999997
Copenhagen,2020-02-06,1.0
Copenhagen,2020-02-07,-0.55
Copenhagen,2020-02-08,0.5
Copenhagen,2020-02-09,0.09999999999999987
Copenhagen,2020-02-10,-1.1
Copenhagen,2020-02-11,-2.55
Copenhagen,2020-02-12,-2.7
Copenhagen,2020-02-13,-1.2
Copenhagen,2020-02-14,0.8999999999999999
Copenhagen,2020-02-15,0.35
Copenhagen,2020-02-16,2.6
Copenhagen,2020-02-17,-1.45
Copenhagen,2020-02-18,-0.8
Copenhagen,2020-02-19,-0.55
Copenhagen,2020-02-20,-1.25
Copenhagen,2020-02-21,-0.55
Copenhagen,2020-02-22,-1.3
Copenhagen,2020-02-23,-1.55
Copenhagen,2020-02-24,-0.8999999999999999
Copenhagen,2020-02-25,-2.65
Copenhagen,2020-02-26,-3.1
Copenhagen,2020-02-27,-2.5500000000000003
Copenhagen,2020-02-28,-1.5
Copenhagen,2020-02-29,-1.25
Copenhagen,2020-03-01,-0.9999999999999999
Copenhagen,2020-03-02,1.15
Copenhagen,2020-03-03,0.5999999999999999
Copenhagen,2020-03-04,0.3500000000000001
Copenhagen,2020-03-05,-0.4
Copenhagen,2020-03-06,-1.1
Copenhagen,2020-03-07,0.6000000000000001
Copenhagen,2020-03-08,1.0499999999999998
Copenhagen,2020-03-09,3.25
Copenhagen,2020-03-10,0.7000000000000001
Copenhagen,2020-03-11,0.65
Copenhagen,2020-03-12,-1.25
Copenhagen,2020-03-13,-2.2
Copenhagen,2020-03-14,-2.05
Copenhagen,2020-03-15,-0.10000000000000009
Copenhagen,2020-03-16,4.05
Copenhagen,2020-03-17,1.55
Copenhagen,2020-03-18,3.3499999999999996
Copenhagen,2020-03-19,1.8000000000000003
Copenhagen,2020-03-20,0.25
Copenhagen,2020-03-21,-1.8
Copenhagen,2020-03-22,-3.1
Copenhagen,2020-03-23,-3.0
Copenhagen,2020-03-24,-1.9
Copenhagen,2020-03-25,-1.35
Copenhagen,2020-03-26,0.55
Copenhagen,2020-03-27,2.4000000000000004
Copenhagen,2020-03-28,2.55
Copenhagen,2020-03-29,-3.8000000000000003
Copenhagen,2020-03-30,-1.9500000000000002
Copenhagen,2020-03-31,-2.55
Copenhagen,2020-04-01,0.95
Copenhagen,2020-04-02,-0.95
Copenhagen,2020-04-03,-2.5
Copenhagen,2020-04-04,0.6499999999999999
Copenhagen,2020-04-05,1.9
Copenhagen,2020-04-06,3.75
Copenhagen,2020-04-07,5.55
Copenhagen,2020-04-08,3.4499999999999997
Copenhagen,2020-04-09,2.85
Copenhagen,2020-04-10,2.75
Copenhagen,2020-04-11,2.4
Copenhagen,2020-04-12,6.300000000000001
Copenhagen,2020-04-13,-0.9500000000000001
Copenhagen,2020-04-14,-0.10000000000000009
Copenhagen,2020-04-15,3.55
Copenhagen,2020-04-16,3.2
Copenhagen,2020-04-17,4.45
Copenhagen,2020-04-18,2.45
Copenhagen,2020-04-19,4.15
Copenhagen,2020-04-20,5.65
Copenhagen,2020-04-21,7.15
Copenhagen,2020-04-22,7.85
Copenhagen,2020-04-23,10.1
Copenhagen,2020-04-24,7.35
Copenhagen,2020-04-25,5.25
Copenhagen,2020-04-26,5.5
Copenhagen,2020-04-27,5.75
Copenhagen,2020-04-28,6.2
Copenhagen,2020-04-29,1.2999999999999998
Copenhagen,2020-04-30,3.5500000000000003
Copenhagen,2020-05-01,5.7
Copenhagen,2020-05-02,6.300000000000001
Copenhagen,2020-05-03,6.25
Copenhagen,2020-05-04,4.9
Copenhagen,2020-05-05,3.45
Copenhagen,2020-05-06,4.25
Copenhagen,2020-05-07,7.35
Copenhagen,2020-05-08,7.75
Copenhagen,2020-05-09,10.2
Copenhagen,2020-05-10,9.55
Copenhagen,2020-05-11,0.75
Copenhagen,2020-05-12,2.1
Copenhagen,2020-05-13,2.8000000000000003
Copenhagen,2020-05-14,2.4000000000000004
Copenhagen,2020-05-15,3.9
Copenhagen,2020-05-16,3.6
Copenhagen,2020-05-17,5.4
Copenhagen,2020-05-18,8.0
Copenhagen,2020-05-19,6.6
Copenhagen,2020-05-20,8.0
Copenhagen,2020-05-21,8.85
Copenhagen,2020-05-22,7.75
Copenhagen,2020-05-23,10.3
Copenhagen,2020-05-24,7.8
Copenhagen,2020-05-25,10.0
Copenhagen,2020-05-26,9.7
Copenhagen,2020-05-27,10.25
Copenhagen,2020-05-28,11.05
Copenhagen,2020-05-29,10.450000000000001
Copenhagen,2020-05-30,12.100000000000001
Copenhagen,2020-05-31,13.3
Copenhagen,2020-06-01,13.75
Copenhagen,2020-06-02,15.5
Copenhagen,2020-06-03,11.3
Copenhagen,2020-06-04,9.8
Copenhagen,2020-06-05,9.0
Copenhagen,2020-06-06,6.75
Copenhagen,2020-06-07,11.2
Copenhagen,2020-06-08,12.1
Copenhagen,2020-06-09,12.1
Copenhagen,2020-06-10,14.149999999999999
Copenhagen,2020-06-11,15.7
Copenhagen,2020-06-12,15.05
Copenhagen,2020-06-13,14.8
Copenhagen,2020-06-14,14.3
Copenhagen,2020-06-15,15.3
Copenhagen,2020-06-16,17.75
Copenhagen,2020-06-17,16.75
Copenhagen,2020-06-18,17.85
Copenhagen,2020-06-19,19.05
Copenhagen,2020-06-20,18.5
Copenhagen,2020-06-21,17.0
Copenhagen,2020-06-22,15.350000000000001
Copenhagen,2020-06-23,16.4
Copenhagen,2020-06-24,19.700000000000003
Copenhagen,2020-06-25,19.9
Copenhagen,2020-06-26,22.200000000000003
Copenhagen,2020-06-27,21.700000000000003
Copenhagen,2020-06-28,19.15
Copenhagen,2020-06-29,15.85
Copenhagen,2020-06-30,11.45
Copenhagen,2020-07-01,14.100000000000001
Copenhagen,2020-07-02,15.899999999999999
Copenhagen,2020-07-03,13.05
Copenhagen,2020-07-04,13.600000000000001
Copenhagen,2020-07-05,13.25
Copenhagen,2020-07-06,9.850000000000001
Copenhagen,2020-07-07,9.5
Copenhagen,2020-07-08,9.350000000000001
Copenhagen,2020-07-09,10.850000000000001
Copenhagen,2020-07-10,11.149999999999999
Copenhagen,2020-07-11,10.1
Copenhagen,2020-07-12,10.45
Copenhagen,2020-07-13,12.4
Copenhagen,2020-07-14,14.65
Copenhagen,2020-07-15,14.55
Copenhagen,2020-07-16,13.95
Copenhagen,2020-07-17,16.7
Copenhagen,2020-07-18,17.05
Copenhagen,2020-07-19,19.85
Copenhagen,2020-07-20,14.049999999999999
Copenhagen,2020-07-21,11.45
Copenhagen,2020-07-22,11.85
Copenhagen,2020-07-23,13.2
Copenhagen,2020-07-24,15.2
Copenhagen,2020-07-25,13.7
Copenhagen,2020-07-26,16.15
Copenhagen,2020-07-27,15.45
Copenhagen,2020-07-28,15.5
Copenhagen,2020-07-29,11.05
Copenhagen,2020-07-30,11.25
Copenhagen,2020-07-31,15.7
Copenhagen,2020-08-01,15.55
Copenhagen,2020-08-02,17.95
Copenhagen,2020-08-03,14.55
Copenhagen,2020-08-04,13.4
Copenhagen,2020-08-05,15.1
Copenhagen,2020-08-06,18.55
Copenhagen,2020-08-07,21.450000000000003
Copenhagen,2020-08-08,23.05
Copenhagen,2020-08-09,23.85
Copenhagen,2020-08-10,22.7
Copenhagen,2020-08-11,20.35
Copenhagen,2020-08-12,19.1
Copenhagen,2020-08-13,20.0
Copenhagen,2020-08-14,19.75
Copenhagen,2020-08-15,21.5
Copenhagen,2020-08-16,21.0
Copenhagen,2020-08-17,22.3
Copenhagen,2020-08-18,22.200000000000003
Copenhagen,2020-08-19,21.2
Copenhagen,2020-08-20,21.1
Copenhagen,2020-08-21,21.3
Copenhagen,2020-08-22,18.65
Copenhagen,2020-08-23,15.45
Copenhagen,2020-08-24,14.700000000000001
Copenhagen,2020-08-25,12.7
Copenhagen,2020-08-26,16.2
Copenhagen,2020-08-27,15.299999999999999
Copenhagen,2020-08-28,14.0
Copenhagen,2020-08-29,16.75
Copenhagen,2020-08-30,14.950000000000001
Copenhagen,2020-08-31,12.75
Copenhagen,2020-09-01,13.350000000000001
Copenhagen,2020-09-02,13.149999999999999
Copenhagen,2020-09-03,14.65
Copenhagen,2020-09-04,14.35
Copenhagen,2020-09-05,12.15
Copenhagen,2020-09-06,11.2
Copenhagen,2020-09-07,10.8
Copenhagen,2020-09-08,14.450000000000001
Copenhagen,2020-09-09,13.350000000000001
Copenhagen,2020-09-10,10.2
Copenhagen,2020-09-11,11.25
Copenhagen,2020-09-12,12.25
Copenhagen,2020-09-13,13.4
Copenhagen,2020-09-14,17.3
Copenhagen,2020-09-15,18.15
Copenhagen,2020-09-16,14.0
Copenhagen,2020-09-17,8.65
Copenhagen,2020-09-18,9.15
Copenhagen,2020-09-19,13.2
Copenhagen,2020-09-20,13.55
Copenhagen,2020-09-21,13.7
Copenhagen,2020-09-22,12.75
Copenhagen,2020-09-23,14.7
Copenhagen,2020-09-24,13.350000000000001
Copenhagen,2020-09-25,12.0
Copenhagen,2020-09-26,12.2
Copenhagen,2020-09-27,16.7
Copenhagen,2020-09-28,13.149999999999999
Copenhagen,2020-09-29,13.4
Copenhagen,2020-09-30,13.2
Copenhagen,2020-10-01,11.850000000000001
Copenhagen,2020-10-02,11.95
Copenhagen,2020-10-03,12.3
Copenhagen,2020-10-04,13.450000000000001
Copenhagen,2020-10-05,12.4
Copenhagen,2020-10-06,10.4
Copenhagen,2020-10-07,10.5
Copenhagen,2020-10-08,9.35
Copenhagen,2020-10-09,8.2
Copenhagen,2020-10-10,7.4
Copenhagen,2020-10-11,6.5
Copenhagen,2020-10-12,6.8
Copenhagen,2020-10-13,6.8
Copenhagen,2020-10-14,2.2
Copenhagen,2020-10-15,2.7
Copenhagen,2020-10-16,5.699999999999999
Copenhagen,2020-10-17,5.6
Copenhagen,2020-10-18,4.05
Copenhagen,2020-10-19,3.8
Copenhagen,2020-10-20,6.85
Copenhagen,2020-10-21,9.9
Copenhagen,2020-10-22,9.350000000000001
Copenhagen,2020-10-23,8.25
Copenhagen,2020-10-24,8.65
Copenhagen,2020-10-25,9.2
Copenhagen,2020-10-26,8.1
Copenhagen,2020-10-27,5.6
Copenhagen,2020-10-28,6.300000000000001
Copenhagen,2020-10-29,6.1
Copenhagen,2020-10-30,7.05
Copenhagen,2020-10-31,10.5
Copenhagen,2020-11-01,8.6
Copenhagen,2020-11-02,9.95
Copenhagen,2020-11-03,6.3500000000000005
Copenhagen,2020-11-04,4.2
Copenhagen,2020-11-05,6.0
Copenhagen,2020-11-06,9.0
Copenhagen,2020-11-07,6.8500000000000005
Copenhagen,2020-11-08,6.15
Copenhagen,2020-11-09,6.199999999999999
Copenhagen,2020-11-10,4.85
Copenhagen,2020-11-11,3.4
Copenhagen,2020-11-12,4.55
Copenhagen,2020-11-13,6.3999999999999995
Copenhagen,2020-11-14,7.449999999999999
Copenhagen,2020-11-15,7.25
Copenhagen,2020-11-16,5.8
Copenhagen,2020-11-17,6.75
Copenhagen,2020-11-18,6.5
Copenhagen,2020-11-19,1.9499999999999997
Copenhagen,2020-11-20,-0.20000000000000007
Copenhagen,2020-11-21,2.55
Copenhagen,2020-11-22,3.55
Copenhagen,2020-11-23,2.3
Copenhagen,2020-11-24,3.6
Copenhagen,2020-11-25,3.0
Copenhagen,2020-11-26,3.45
Copenhagen,2020-11-27,1.1
Copenhagen,2020-11-28,-1.1500000000000001
Copenhagen,2020-11-29,-2.0
Copenhagen,2020-11-30,-1.5999999999999999
Copenhagen,2020-12-01,0.3500000000000001
Copenhagen,2020-12-02,-0.35
Copenhagen,2020-12-03,-3.95
Copenhagen,2020-12-04,-0.8
Copenhagen,2020-12-05,1.3499999999999999
Copenhagen,2020-12-06,2.9
Copenhagen,2020-12-07,1.95
Copenhagen,2020-12-08,2.3000000000000003
Copenhagen,2020-12-09,-0.44999999999999996
Copenhagen,2020-12-10,-2.05
Copenhagen,2020-12-11,-2.55
Copenhagen,2020-12-12,-0.34999999999999987
Copenhagen,2020-12-13,1.75
Copenhagen,2020-12-14,0.95
Copenhagen,2020-12-15,3.25
Copenhagen,2020-12-16,2.7
Copenhagen,2020-12-17,2.15
Copenhagen,2020-12-18,2.6
Copenhagen,2020-12-19,2.15
Copenhagen,2020-12-20,3.3
Copenhagen,2020-12-21,1.5
Copenhagen,2020-12-22,2.5500000000000003
Copenhagen,2020-12-23,0.7
Copenhagen,2020-12-24,-1.0
Copenhagen,2020-12-25,-3.1500000000000004
Copenhagen,2020-12-26,-2.9
Copenhagen,2020-12-27,-4.65
Copenhagen,2020-12-28,-1.9499999999999997
Copenhagen,2020-12-29,-0.4
Copenhagen,2020-12-30,-1.5999999999999999
Copenhagen,2020-12-31,-1.3
Copenhagen,2021-01-01,-0.75
Copenhagen,2021-01-02,-1.6
Copenhagen,2021-01-03,-4.2
Copenhagen,2021-01-04,-5.65
Copenhagen,2021-01-05,-4.6
Copenhagen,2021-01-06,-4.5
Copenhagen,2021-01-07,-3.55
Copenhagen,2021-01-08,-2.95
Copenhagen,2021-01-09,-4.2
Copenhagen,2021-01-10,-4.75
Copenhagen,2021-01-11,-2.95
Copenhagen,2021-01-12,-2.8
Copenhagen,2021-01-13,-5.15
Copenhagen,2021-01-14,-5.8
Copenhagen,2021-01-15,-8.45
Copenhagen,2021-01-16,-7.3500000000000005
Copenhagen,2021-01-17,-4.8
Copenhagen,2021-01-18,-3.5999999999999996
Copenhagen,2021-01-19,-1.75
Copenhagen,2021-01-20,0.8999999999999999
Copenhagen,2021-01-21,-0.44999999999999996
Copenhagen,2021-01-22,-1.6
Copenhagen,2021-01-23,-0.85
Copenhagen,2021-01-24,-1.55
Copenhagen,2021-01-25,-3.3
Copenhagen,2021-01-26,-3.9
Copenhagen,2021-01-27,-3.35
Copenhagen,2021-01-28,-6.050000000000001
Copenhagen,2021-01-29,-7.25
Copenhagen,2021-01-30,-6.9
Copenhagen,2021-01-31,-4.75
Copenhagen,2021-02-01,-4.45
Copenhagen,2021-02-02,-4.45
Copenhagen,2021-02-03,-7.3
Copenhagen,2021-02-04,-8.35
Copenhagen,2021-02-05,-9.649999999999999
Copenhagen,2021-02-06,-11.25
Copenhagen,2021-02-07,-11.25
Copenhagen,2021-02-08,-10.399999999999999
Copenhagen,2021-02-09,-10.95
Copenhagen,2021-02-10,-10.100000000000001
Copenhagen,2021-02-11,-11.2
Copenhagen,2021-02-12,-10.55
Copenhagen,2021-02-13,-7.1
Copenhagen,2021-02-14,-6.05
Copenhagen,2021-02-15,-6.550000000000001
Copenhagen,2021-02-16,-4.6
Copenhagen,2021-02-17,-2.85
Copenhagen,2021-02-18,-4.1
Copenhagen,2021-02-19,-0.5
Copenhagen,2021-02-20,-1.8
Copenhagen,2021-02-21,-0.7000000000000001
Copenhagen,2021-02-22,0.3500000000000001
Copenhagen,2021-02-23,4.55
Copenhagen,2021-02-24,4.85
Copenhagen,2021-02-25,3.5
Copenhagen,2021-02-26,0.04999999999999982
Copenhagen,2021-02-27,0.6499999999999999
Copenhagen,2021-02-28,0.6499999999999999
Copenhagen,2021-03-01,1.2500000000000002
Copenhagen,2021-03-02,0.19999999999999996
Copenhagen,2021-03-03,-0.95
Copenhagen,2021-03-04,-2.6999999999999997
Copenhagen,2021-03-05,-3.6500000000000004
Copenhagen,2021-03-06,-3.7
Copenhagen,2021-03-07,-2.25
Copenhagen,2021-03-08,-3.4499999999999997
Copenhagen,2021-03-09,-5.1
Copenhagen,2021-03-10,-3.8
Copenhagen,2021-03-11,-3.05
Copenhagen,2021-03-12,-1.25
Copenhagen,2021-03-13,-2.9499999999999997
Copenhagen,2021-03-14,-0.55
Copenhagen,2021-03-15,0.1499999999999999
Copenhagen,2021-03-16,-0.44999999999999996
Copenhagen,2021-03-17,-0.44999999999999996
Copenhagen,2021-03-18,-1.6
Copenhagen,2021-03-19,-4.75
Copenhagen,2021-03-20,-2.7
Copenhagen,2021-03-21,-1.2000000000000002
Copenhagen,2021-03-22,-0.25
Copenhagen,2021-03-23,1.55
Copenhagen,2021-03-24,2.75
Copenhagen,2021-03-25,3.5
Copenhagen,2021-03-26,3.5
Copenhagen,2021-03-27,1.0
Copenhagen,2021-03-28,0.19999999999999996
Copenhagen,2021-03-29,4.8
Copenhagen,2021-03-30,8.35
Copenhagen,2021-03-31,6.45
Copenhagen,2021-04-01,2.5
Copenhagen,2021-04-02,0.7
Copenhagen,2021-04-03,-0.75
Copenhagen,2021-04-04,0.1499999999999999
Copenhagen,2021-04-05,-3.7
Copenhagen,2021-04-06,-2.4
Copenhagen,2021-04-07,-0.30000000000000004
Copenhagen,2021-04-08,-1.65
Copenhagen,2021-04-09,-0.30000000000000004
Copenhagen,2021-04-10,-0.7000000000000002
Copenhagen,2021-04-11,-0.09999999999999987
Copenhagen,2021-04-12,-0.7
Copenhagen,2021-04-13,0.050000000000000044
Copenhagen,2021-04-14,0.24999999999999978
Copenhagen,2021-04-15,1.4
Copenhagen,2021-04-16,1.4999999999999998
Copenhagen,2021-04-17,5.55
Copenhagen,2021-04-18,6.15
Copenhagen,2021-04-19,7.4
Copenhagen,2021-04-20,6.55
Copenhagen,2021-04-21,1.55
Copenhagen,2021-04-22,0.4
Copenhagen,2021-04-23,1.75
Copenhagen,2021-04-24,0.25
Copenhagen,2021-04-25,-0.35
Copenhagen,2021-04-26,1.35
Copenhagen,2021-04-27,2.1
Copenhagen,2021-04-28,2.1500000000000004
Copenhagen,2021-04-29,3.4000000000000004
Copenhagen,2021-04-30,4.95
Copenhagen,2021-05-01,3.5999999999999996
Copenhagen,2021-05-02,3.75
Copenhagen,2021-05-03,3.1
Copenhagen,2021-05-04,2.1999999999999997
Copenhagen,2021-05-05,1.4
Copenhagen,2021-05-06,1.8
Copenhagen,2021-05-07,2.85
Copenhagen,2021-05-08,3.25
Copenhagen,2021-05-09,6.65
Copenhagen,2021-05-10,11.4
Copenhagen,2021-05-11,9.600000000000001
Copenhagen,2021-05-12,13.05
Copenhagen,2021-05-13,10.1
Copenhagen,2021-05-14,10.100000000000001
Copenhagen,2021-05-15,7.300000000000001
Copenhagen,2021-05-16,8.6
Copenhagen,2021-05-17,8.85
Copenhagen,2021-05-18,7.699999999999999
Copenhagen,2021-05-19,7.9
Copenhagen,2021-05-20,5.5
Copenhagen,2021-05-21,7.8
Copenhagen,2021-05-22,7.35
Copenhagen,2021-05-23,6.15
Copenhagen,2021-05-24,9.1
Copenhagen,2021-05-25,8.3
Copenhagen,2021-05-26,6.4
Copenhagen,2021-05-27,9.600000000000001
Copenhagen,2021-05-28,9.35
Copenhagen,2021-05-29,11.35
Copenhagen,2021-05-30,11.3
Copenhagen,2021-05-31,14.3
Copenhagen,2021-06-01,13.3
Copenhagen,2021-06-02,12.799999999999999
Copenhagen,2021-06-03,13.1
Copenhagen,2021-06-04,14.149999999999999
Copenhagen,2021-06-05,15.15
Copenhagen,2021-06-06,15.7
Copenhagen,2021-06-07,16.6
Copenhagen,2021-06-08,15.649999999999999
Copenhagen,2021-06-09,16.05
Copenhagen,2021-06-10,16.5
Copenhagen,2021-06-11,18.75
Copenhagen,2021-06-12,11.25
Copenhagen,2021-06-13,11.4
Copenhagen,2021-06-14,14.95
Copenhagen,2021-06-15,12.85
Copenhagen,2021-06-16,12.350000000000001
Copenhagen,2021-06-17,17.3
Copenhagen,2021-06-18,21.65
Copenhagen,2021-06-19,23.45
Copenhagen,2021-06-20,20.55
Copenhagen,2021-06-21,14.85
Copenhagen,2021-06-22,15.3
Copenhagen,2021-06-23,16.2
Copenhagen,2021-06-24,16.4
Copenhagen,2021-06-25,15.5
Copenhagen,2021-06-26,16.8
Copenhagen,2021-06-27,18.45
Copenhagen,2021-06-28,18.0
Copenhagen,2021-06-29,19.4
Copenhagen,2021-06-30,18.700000000000003
Copenhagen,2021-07-01,16.25
Copenhagen,2021-07-02,20.0
Copenhagen,2021-07-03,21.0
Copenhagen,2021-07-04,19.950000000000003
Copenhagen,2021-07-05,20.35
Copenhagen,2021-07-06,17.15
Copenhagen,2021-07-07,18.5
Copenhagen,2021-07-08,19.0
Copenhagen,2021-07-09,19.0
Copenhagen,2021-07-10,16.3
Copenhagen,2021-07-11,18.25
Copenhagen,2021-07-12,20.1
Copenhagen,2021-07-13,21.65
Copenhagen,2021-07-14,24.85
Copenhagen,2021-07-15,25.200000000000003
Copenhagen,2021-07-16,26.3
Copenhagen,2021-07-17,22.450000000000003
Copenhagen,2021-07-18,16.1
Copenhagen,2021-07-19,16.65
Copenhagen,2021-07-20,15.8
Copenhagen,2021-07-21,17.3
Copenhagen,2021-07-22,16.25
Copenhagen,2021-07-23,18.05
Copenhagen,2021-07-24,19.9
Copenhagen,2021-07-25,20.15
Copenhagen,2021-07-26,23.4
Copenhagen,2021-07-27,22.0
Copenhagen,2021-07-28,19.25
Copenhagen,2021-07-29,13.7
Copenhagen,2021-07-30,14.5
Copenhagen,2021-07-31,14.55
Copenhagen,2021-08-01,13.9
Copenhagen,2021-08-02,13.55
Copenhagen,2021-08-03,14.299999999999999
Copenhagen,2021-08-04,15.45
Copenhagen,2021-08-05,16.200000000000003
Copenhagen,2021-08-06,16.7
Copenhagen,2021-08-07,16.5
Copenhagen,2021-08-08,16.85
Copenhagen,2021-08-09,15.9
Copenhagen,2021-08-10,15.7
Copenhagen,2021-08-11,16.1
Copenhagen,2021-08-12,16.35
Copenhagen,2021-08-13,18.15
Copenhagen,2021-08-14,14.55
Copenhagen,2021-08-15,14.75
Copenhagen,2021-08-16,13.600000000000001
Copenhagen,2021-08-17,11.399999999999999
Copenhagen,2021-08-18,11.3
Copenhagen,2021-08-19,12.35
Copenhagen,2021-08-20,12.8
Copenhagen,2021-08-21,13.399999999999999
Copenhagen,2021-08-22,13.700000000000001
Copenhagen,2021-08-23,14.55
Copenhagen,2021-08-24,12.85
Copenhagen,2021-08-25,14.05
Copenhagen,2021-08-26,10.649999999999999
Copenhagen,2021-08-27,13.75
Copenhagen,2021-08-28,13.1
Copenhagen,2021-08-29,15.25
Copenhagen,2021-08-30,15.25
Copenhagen,2021-08-31,15.0
Copenhagen,2021-09-01,16.8
Copenhagen,2021-09-02,16.15
Copenhagen,2021-09-03,16.0
Copenhagen,2021-09-04,12.75
Copenhagen,2021-09-05,11.75
Copenhagen,2021-09-06,13.55
Copenhagen,2021-09-07,15.7
Copenhagen,2021-09-08,17.85
Copenhagen,2021-09-09,17.75
Copenhagen,2021-09-10,17.85
Copenhagen,2021-09-11,18.7
Copenhagen,2021-09-12,15.75
Copenhagen,2021-09-13,14.0
Copenhagen,2021-09-14,14.899999999999999
Copenhagen,2021-09-15,13.95
Copenhagen,2021-09-16,15.799999999999999
Copenhagen,2021-09-17,13.55
Copenhagen,2021-09-18,10.15
Copenhagen,2021-09-19,8.35
Copenhagen,2021-09-20,8.65
Copenhagen,2021-09-21,9.45
Copenhagen,2021-09-22,13.3
Copenhagen,2021-09-23,9.2
Copenhagen,2021-09-24,10.399999999999999
Copenhagen,2021-09-25,11.1
Copenhagen,2021-09-26,11.5
Copenhagen,2021-09-27,13.45
Copenhagen,2021-09-28,11.5
Copenhagen,2021-09-29,10.85
Copenhagen,2021-09-30,7.9
Copenhagen,2021-10-01,8.9
Copenhagen,2021-10-02,10.95
Copenhagen,2021-10-03,12.2
Copenhagen,2021-10-04,11.399999999999999
Copenhagen,2021-10-05,10.350000000000001
Copenhagen,2021-10-06,10.35
Copenhagen,2021-10-07,9.95
Copenhagen,2021-10-08,10.9
Copenhagen,2021-10-09,9.3
Copenhagen,2021-10-10,7.550000000000001
Copenhagen,2021-10-11,6.35
Copenhagen,2021-10-12,5.15
Copenhagen,2021-10-13,5.8
Copenhagen,2021-10-14,8.25
Copenhagen,2021-10-15,6.15
Copenhagen,2021-10-16,4.7
Copenhagen,2021-10-17,6.5
Copenhagen,2021-10-18,6.3
Copenhagen,2021-10-19,9.75
Copenhagen,2021-10-20,9.8
Copenhagen,2021-10-21,5.3999999999999995
Copenhagen,2021-10-22,1.7
Copenhagen,2021-10-23,4.65
Copenhagen,2021-10-24,5.6
Copenhagen,2021-10-25,6.050000000000001
Copenhagen,2021-10-26,7.65
Copenhagen,2021-10-27,9.2
Copenhagen,2021-10-28,8.899999999999999
Copenhagen,2021-10-29,7.65
Copenhagen,2021-10-30,8.45
Copenhagen,2021-10-31,8.65
Copenhagen,2021-11-01,8.3
Copenhagen,2021-11-02,6.4
Copenhagen,2021-11-03,5.0
Copenhagen,2021-11-04,3.75
Copenhagen,2021-11-05,3.45
Copenhagen,2021-11-06,5.6
Copenhagen,2021-11-07,4.1
Copenhagen,2021-11-08,3.75
Copenhagen,2021-11-09,3.8499999999999996
Copenhagen,2021-11-10,7.05
Copenhagen,2021-11-11,6.449999999999999
Copenhagen,2021-11-12,5.35
Copenhagen,2021-11-13,4.15
Copenhagen,2021-11-14,3.75
Copenhagen,2021-11-15,4.0
Copenhagen,2021-11-16,3.0999999999999996
Copenhagen,2021-11-17,2.1
Copenhagen,2021-11-18,3.9499999999999997
Copenhagen,2021-11-19,5.5
Copenhagen,2021-11-20,4.95
Copenhagen,2021-11-21,1.95
Copenhagen,2021-11-22,0.3999999999999999
Copenhagen,2021-11-23,3.6
Copenhagen,2021-11-24,4.15
Copenhagen,2021-11-25,0.9500000000000001
Copenhagen,2021-11-26,0.29999999999999993
Copenhagen,2021-11-27,-0.95
Copenhagen,2021-11-28,-1.7000000000000002
Copenhagen,2021-11-29,-3.95
Copenhagen,2021-11-30,-3.05
Copenhagen,2021-12-01,-0.3500000000000001
Copenhagen,2021-12-02,-4.8
Copenhagen,2021-12-03,-2.0
Copenhagen,2021-12-04,-0.55
Copenhagen,2021-12-05,-6.05
Copenhagen,2021-12-06,-6.75
Copenhagen,2021-12-07,-4.6
Copenhagen,2021-12-08,-5.050000000000001
Copenhagen,2021-12-09,-3.45
Copenhagen,2021-12-10,-1.7000000000000002
Copenhagen,2021-12-11,-2.85
Copenhagen,2021-12-12,-0.5
Copenhagen,2021-12-13,2.55
Copenhagen,2021-12-14,2.45
Copenhagen,2021-12-15,2.9
Copenhagen,2021-12-16,2.1
Copenhagen,2021-12-17,1.2999999999999998
Copenhagen,2021-12-18,1.2
Copenhagen,2021-12-19,-0.5
Copenhagen,2021-12-20,-2.4499999999999997
Copenhagen,2021-12-21,-3.7
Copenhagen,2021-12-22,-2.25
Copenhagen,2021-12-23,-3.2
Copenhagen,2021-12-24,-7.949999999999999
Copenhagen,2021-12-25,-6.9
Copenhagen,2021-12-26,-6.1
Copenhagen,2021-12-27,-5.85
Copenhagen,2021-12-28,-4.2
Copenhagen,2021-12-29,-0.7999999999999999
Copenhagen,2021-12-30,1.0999999999999999
Copenhagen,2021-12-31,4.15
Copenhagen,2022-01-01,3.5
Copenhagen,2022-01-02,3.7
Copenhagen,2022-01-03,1.55
Copenhagen,2022-01-04,-0.9999999999999999
Copenhagen,2022-01-05,-4.05
Copenhagen,2022-01-06,-5.0
Copenhagen,2022-01-07,-3.0999999999999996
Copenhagen,2022-01-08,-3.2
Copenhagen,2022-01-09,-3.75
Copenhagen,2022-01-10,-2.5
Copenhagen,2022-01-11,-3.1999999999999997
Copenhagen,2022-01-12,-1.1
Copenhagen,2022-01-13,0.8999999999999999
Copenhagen,2022-01-14,-1.05
Copenhagen,2022-01-15,-2.65
Copenhagen,2022-01-16,-1.75
Copenhagen,2022-01-17,-3.1500000000000004
Copenhagen,2022-01-18,-1.1999999999999997
Copenhagen,2022-01-19,-3.5500000000000003
Copenhagen,2022-01-20,-6.550000000000001
Copenhagen,2022-01-21,-2.75
Copenhagen,2022-01-22,-2.3499999999999996
Copenhagen,2022-01-23,1.5
Copenhagen,2022-01-24,0.35000000000000003
Copenhagen,2022-01-25,0.6499999999999999
Copenhagen,2022-01-26,-0.45000000000000007
Copenhagen,2022-01-27,-1.1
Copenhagen,2022-01-28,-1.9
Copenhagen,2022-01-29,-1.3000000000000003
Copenhagen,2022-01-30,-3.2
Copenhagen,2022-01-31,-3.1
Copenhagen,2022-02-01,-2.6999999999999997
Copenhagen,2022-02-02,-2.8
Copenhagen,2022-02-03,-0.1499999999999999
Copenhagen,2022-02-04,-0.75
Copenhagen,2022-02-05,-2.95
Copenhagen,2022-02-06,-1.3
Copenhagen,2022-02-07,-2.9
Copenhagen,2022-02-08,0.25
Copenhagen,2022-02-09,0.5499999999999999
Copenhagen,2022-02-10,-1.2
Copenhagen,2022-02-11,-3.25
Copenhagen,2022-02-12,-3.9000000000000004
Copenhagen,2022-02-13,-2.75
Copenhagen,2022-02-14,0.6500000000000001
Copenhagen,2022-02-15,-1.5
Copenhagen,2022-02-16,-0.25
Copenhagen,2022-02-17,-2.3499999999999996
Copenhagen,2022-02-18,-2.55
Copenhagen,2022-02-19,-3.05
Copenhagen,2022-02-20,-1.75
Copenhagen,2022-02-21,-1.9500000000000002
Copenhagen,2022-02-22,-2.25
Copenhagen,2022-02-23,-0.44999999999999996
Copenhagen,2022-02-24,-1.6
Copenhagen,2022-02-25,-1.7
Copenhagen,2022-02-26,-0.7
Copenhagen,2022-02-27,-2.3
Copenhagen,2022-02-28,-1.85
Copenhagen,2022-03-01,-2.75
Copenhagen,2022-03-02,-1.85
Copenhagen,2022-03-03,-0.75
Copenhagen,2022-03-04,-2.8000000000000003
Copenhagen,2022-03-05,-2.95
Copenhagen,2022-03-06,-2.25
Copenhagen,2022-03-07,-2.0
Copenhagen,2022-03-08,-2.05
Copenhagen,2022-03-09,-3.1
Copenhagen,2022-03-10,-2.4
Copenhagen,2022-03-11,-4.15
Copenhagen,2022-03-12,-2.5
Copenhagen,2022-03-13,-1.05
Copenhagen,2022-03-14,0.050000000000000044
Copenhagen,2022-03-15,1.95
Copenhagen,2022-03-16,-0.30000000000000004
Copenhagen,2022-03-17,-0.55
Copenhagen,2022-03-18,2.3
Copenhagen,2022-03-19,1.5999999999999999
Copenhagen,2022-03-20,-0.19999999999999996
Copenhagen,2022-03-21,0.44999999999999996
Copenhagen,2022-03-22,0.75
Copenhagen,2022-03-23,1.9
Copenhagen,2022-03-24,1.75
Copenhagen,2022-03-25,4.35
Copenhagen,2022-03-26,4.05
Copenhagen,2022-03-27,2.5999999999999996
Copenhagen,2022-03-28,2.0999999999999996
Copenhagen,2022-03-29,-0.3999999999999999
Copenhagen,2022-03-30,-3.35
Copenhagen,2022-03-31,-2.5500000000000003
Copenhagen,2022-04-01,-3.4
Copenhagen,2022-04-02,-3.4499999999999997
Copenhagen,2022-04-03,-1.9999999999999998
Copenhagen,2022-04-04,-2.5
Copenhagen,2022-04-05,-2.0999999999999996
Copenhagen,2022-04-06,-0.10000000000000009
Copenhagen,2022-04-07,0.30000000000000004
Copenhagen,2022-04-08,-2.7
Copenhagen,2022-04-09,-1.9499999999999997
Copenhagen,2022-04-10,-1.7
Copenhagen,2022-04-11,0.30000000000000004
Copenhagen,2022-04-12,0.0
Copenhagen,2022-04-13,4.05
Copenhagen,2022-04-14,7.35
Copenhagen,2022-04-15,2.35
Copenhagen,2022-04-16,3.0000000000000004
Copenhagen,2022-04-17,2.75
Copenhagen,2022-04-18,2.6500000000000004
Copenhagen,2022-04-19,5.45
Copenhagen,2022-04-20,7.55
Copenhagen,2022-04-21,7.35
Copenhagen,2022-04-22,6.85
Copenhagen,2022-04-23,6.3999999999999995
Copenhagen,2022-04-24,5.1000000000000005
Copenhagen,2022-04-25,3.95
Copenhagen,2022-04-26,4.9
Copenhagen,2022-04-27,4.6
Copenhagen,2022-04-28,4.8999999999999995
Copenhagen,2022-04-29,4.35
Copenhagen,2022-04-30,6.1
Copenhagen,2022-05-01,6.2
Copenhagen,2022-05-02,4.7
Copenhagen,2022-05-03,7.6000000000000005
Copenhagen,2022-05-04,6.5
Copenhagen,2022-05-05,7.25
Copenhagen,2022-05-06,7.6499999999999995
Copenhagen,2022-05-07,8.65
Copenhagen,2022-05-08,8.5
Copenhagen,2022-05-09,7.449999999999999
Copenhagen,2022-05-10,11.35
Copenhagen,2022-05-11,9.75
Copenhagen,2022-05-12,7.449999999999999
Copenhagen,2022-05-13,8.25
Copenhagen,2022-05-14,8.0
Copenhagen,2022-05-15,9.25
Copenhagen,2022-05-16,10.65
Copenhagen,2022-05-17,8.85
Copenhagen,2022-05-18,7.75
Copenhagen,2022-05-19,17.95
Copenhagen,2022-05-20,12.25
Copenhagen,2022-05-21,8.25
Copenhagen,2022-05-22,10.0
Copenhagen,2022-05-23,9.55
Copenhagen,2022-05-24,11.5
Copenhagen,2022-05-25,10.350000000000001
Copenhagen,2022-05-26,8.25
Copenhagen,2022-05-27,5.25
Copenhagen,2022-05-28,6.8
Copenhagen,2022-05-29,11.65
Copenhagen,2022-05-30,9.75
Copenhagen,2022-05-31,10.0
Copenhagen,2022-06-01,10.4
Copenhagen,2022-06-02,8.350000000000001
Copenhagen,2022-06-03,10.5
Copenhagen,2022-06-04,11.8
Copenhagen,2022-06-05,11.5
Copenhagen,2022-06-06,13.399999999999999
Copenhagen,2022-06-07,11.85
Copenhagen,2022-06-08,11.85
Copenhagen,2022-06-09,14.95
Copenhagen,2022-06-10,14.0
Copenhagen,2022-06-11,15.1
Copenhagen,2022-06-12,13.049999999999999
Copenhagen,2022-06-13,10.850000000000001
Copenhagen,2022-06-14,10.8
Copenhagen,2022-06-15,12.850000000000001
Copenhagen,2022-06-16,13.7
Copenhagen,2022-06-17,15.350000000000001
Copenhagen,2022-06-18,16.55
Copenhagen,2022-06-19,11.95
Copenhagen,2022-06-20,12.4
Copenhagen,2022-06-21,14.15
Copenhagen,2022-06-22,14.6
Copenhagen,2022-06-23,14.700000000000001
Copenhagen,2022-06-24,17.95
Copenhagen,2022-06-25,21.05
Copenhagen,2022-06-26,21.15
Copenhagen,2022-06-27,22.2
Copenhagen,2022-06-28,16.75
Copenhagen,2022-06-29,17.3
Copenhagen,2022-06-30,17.799999999999997
Copenhagen,2022-07-01,18.5
Copenhagen,2022-07-02,15.850000000000001
Copenhagen,2022-07-03,18.05
Copenhagen,2022-07-04,15.3
Copenhagen,2022-07-05,13.45
Copenhagen,2022-07-06,12.149999999999999
Copenhagen,2022-07-07,15.6
Copenhagen,2022-07-08,14.100000000000001
Copenhagen,2022-07-09,12.05
Copenhagen,2022-07-10,13.1
Copenhagen,2022-07-11,15.25
Copenhagen,2022-07-12,17.3
Copenhagen,2022-07-13,16.75
Copenhagen,2022-07-14,11.95
Copenhagen,2022-07-15,11.7
Copenhagen,2022-07-16,11.85
Copenhagen,2022-07-17,14.1
Copenhagen,2022-07-18,17.0
Copenhagen,2022-07-19,20.85
Copenhagen,2022-07-20,20.65
Copenhagen,2022-07-21,22.2
Copenhagen,2022-07-22,16.0
Copenhagen,2022-07-23,14.899999999999999
Copenhagen,2022-07-24,14.85
Copenhagen,2022-07-25,20.05
Copenhagen,2022-07-26,12.3
Copenhagen,2022-07-27,11.649999999999999
Copenhagen,2022-07-28,13.5
Copenhagen,2022-07-29,15.299999999999999
Copenhagen,2022-07-30,17.1
Copenhagen,2022-07-31,16.15
Copenhagen,2022-08-01,15.45
Copenhagen,2022-08-02,13.15
Copenhagen,2022-08-03,20.6
Copenhagen,2022-08-04,22.0
Copenhagen,2022-08-05,15.1
Copenhagen,2022-08-06,12.1
Copenhagen,2022-08-07,13.05
Copenhagen,2022-08-08,15.75
Copenhagen,2022-08-09,16.2
Copenhagen,2022-08-10,16.9
Copenhagen,2022-08-11,17.4
Copenhagen,2022-08-12,20.95
Copenhagen,2022-08-13,19.85
Copenhagen,2022-08-14,22.2
Copenhagen,2022-08-15,22.8
Copenhagen,2022-08-16,22.7
Copenhagen,2022-08-17,22.75
Copenhagen,2022-08-18,23.65
Copenhagen,2022-08-19,22.6
Copenhagen,2022-08-20,19.0
Copenhagen,2022-08-21,17.35
Copenhagen,2022-08-22,16.5
Copenhagen,2022-08-23,18.55
Copenhagen,2022-08-24,19.5
Copenhagen,2022-08-25,20.1
Copenhagen,2022-08-26,22.0
Copenhagen,2022-08-27,20.7
Copenhagen,2022-08-28,18.950000000000003
Copenhagen,2022-08-29,14.200000000000001
Copenhagen,2022-08-30,14.1
Copenhagen,2022-08-31,15.05
Copenhagen,2022-09-01,14.5
Copenhagen,2022-09-02,13.55
Copenhagen,2022-09-03,13.85
Copenhagen,2022-09-04,13.350000000000001
Copenhagen,2022-09-05,14.5
Copenhagen,2022-09-06,13.1
Copenhagen,2022-09-07,13.65
Copenhagen,2022-09-08,12.3
Copenhagen,2022-09-09,13.149999999999999
Copenhagen,2022-09-10,15.45
Copenhagen,2022-09-11,14.65
Copenhagen,2022-09-12,13.399999999999999
Copenhagen,2022-09-13,12.350000000000001
Copenhagen,2022-09-14,11.5
Copenhagen,2022-09-15,8.2
Copenhagen,2022-09-16,9.0
Copenhagen,2022-09-17,10.95
Copenhagen,2022-09-18,10.2
Copenhagen,2022-09-19,9.55
Copenhagen,2022-09-20,9.1
Copenhagen,2022-09-21,10.149999999999999
Copenhagen,2022-09-22,10.3
Copenhagen,2022-09-23,11.3
Copenhagen,2022-09-24,12.0
Copenhagen,2022-09-25,11.4
Copenhagen,2022-09-26,8.15
Copenhagen,2022-09-27,8.65
Copenhagen,2022-09-28,9.05
Copenhagen,2022-09-29,8.5
Copenhagen,2022-09-30,8.899999999999999
Copenhagen,2022-10-01,7.8500000000000005
Copenhagen,2022-10-02,8.65
Copenhagen,2022-10-03,9.35
Copenhagen,2022-10-04,10.600000000000001
Copenhagen,2022-10-05,11.7
Copenhagen,2022-10-06,9.25
Copenhagen,2022-10-07,9.25
Copenhagen,2022-10-08,8.2
Copenhagen,2022-10-09,8.3
Copenhagen,2022-10-10,7.8
Copenhagen,2022-10-11,6.6000000000000005
Copenhagen,2022-10-12,8.35
Copenhagen,2022-10-13,9.25
Copenhagen,2022-10-14,10.75
Copenhagen,2022-10-15,11.45
Copenhagen,2022-10-16,9.55
Copenhagen,2022-10-17,10.1
Copenhagen,2022-10-18,9.05
Copenhagen,2022-10-19,4.35
Copenhagen,2022-10-20,3.2
Copenhagen,2022-10-21,8.75
Copenhagen,2022-10-22,11.45
Copenhagen,2022-10-23,10.4
Copenhagen,2022-10-24,11.5
Copenhagen,2022-10-25,9.899999999999999
Copenhagen,2022-10-26,10.600000000000001
Copenhagen,2022-10-27,12.4
Copenhagen,2022-10-28,13.65
Copenhagen,2022-10-29,10.3
Copenhagen,2022-10-30,10.7
Copenhagen,2022-10-31,11.4
Copenhagen,2022-11-01,9.85
Copenhagen,2022-11-02,7.2
Copenhagen,2022-11-03,6.6
Copenhagen,2022-11-04,7.6
Copenhagen,2022-11-05,6.55
Copenhagen,2022-11-06,5.9
Copenhagen,2022-11-07,6.1
Copenhagen,2022-11-08,9.350000000000001
Copenhagen,2022-11-09,8.25
Copenhagen,2022-11-10,7.2
Copenhagen,2022-11-11,9.65
Copenhagen,2022-11-12,11.55
Copenhagen,2022-11-13,9.7
Copenhagen,2022-11-14,6.65
Copenhagen,2022-11-15,5.0
Copenhagen,2022-11-16,1.0999999999999999
Copenhagen,2022-11-17,-1.3499999999999999
Copenhagen,2022-11-18,-1.9
Copenhagen,2022-11-19,-4.25
Copenhagen,2022-11-20,-4.95
Copenhagen,2022-11-21,-3.0
Copenhagen,2022-11-22,-2.85
Copenhagen,2022-11-23,0.15000000000000002
Copenhagen,2022-11-24,2.7
Copenhagen,2022-11-25,3.1999999999999997
Copenhagen,2022-11-26,4.6
Copenhagen,2022-11-27,3.8
Copenhagen,2022-11-28,0.7000000000000001
Copenhagen,2022-11-29,0.15000000000000002
Copenhagen,2022-11-30,0.0
Copenhagen,2022-12-01,0.45
Copenhagen,2022-12-02,-1.6
Copenhagen,2022-12-03,-4.0
Copenhagen,2022-12-04,-3.0
Copenhagen,2022-12-05,-1.45
Copenhagen,2022-12-06,-1.6
Copenhagen,2022-12-07,-3.5
Copenhagen,2022-12-08,-5.9
Copenhagen,2022-12-09,-4.5
Copenhagen,2022-12-10,-4.2
Copenhagen,2022-12-11,-6.75
Copenhagen,2022-12-12,-8.35
Copenhagen,2022-12-13,-6.9
Copenhagen,2022-12-14,-5.800000000000001
Copenhagen,2022-12-15,-6.800000000000001
Copenhagen,2022-12-16,-8.25
Copenhagen,2022-12-17,-7.1
Copenhagen,2022-12-18,-6.6
Copenhagen,2022-12-19,-3.3
Copenhagen,2022-12-20,1.75
Copenhagen,2022-12-21,0.20000000000000018
Copenhagen,2022-12-22,0.8
Copenhagen,2022-12-23,-1.5
Copenhagen,2022-12-24,-2.9
Copenhagen,2022-12-25,0.6
Copenhagen,2022-12-26,0.19999999999999996
Copenhagen,2022-12-27,-2.5
Copenhagen,2022-12-28,-0.3999999999999999
Copenhagen,2022-12-29,1.75
Copenhagen,2022-12-30,0.0
Copenhagen,2022-12-31,3.8
Copenhagen,2023-01-01,4.05
Copenhagen,2023-01-02,3.15
Copenhagen,2023-01-03,0.30000000000000004
Copenhagen,2023-01-04,2.0999999999999996
Copenhagen,2023-01-05,-0.30000000000000004
Copenhagen,2023-01-06,-2.1500000000000004
Copenhagen,2023-01-07,2.0
Copenhagen,2023-01-08,1.75
Copenhagen,2023-01-09,1.3
Copenhagen,2023-01-10,0.6000000000000001
Copenhagen,2023-01-11,0.9499999999999997
Copenhagen,2023-01-12,1.45
Copenhagen,2023-01-13,1.6500000000000001
Copenhagen,2023-01-14,0.050000000000000044
Copenhagen,2023-01-15,-1.4000000000000001
Copenhagen,2023-01-16,-1.05
Copenhagen,2023-01-17,-2.55
Copenhagen,2023-01-18,-2.95
Copenhagen,2023-01-19,-3.0
Copenhagen,2023-01-20,-2.1999999999999997
Copenhagen,2023-01-21,-4.35
Copenhagen,2023-01-22,-5.65
Copenhagen,2023-01-23,-2.4
Copenhagen,2023-01-24,-3.5
Copenhagen,2023-01-25,-4.65
Copenhagen,2023-01-26,-0.95
Copenhagen,2023-01-27,-4.7
Copenhagen,2023-01-28,-4.3
Copenhagen,2023-01-29,-1.4000000000000001
Copenhagen,2023-01-30,-2.3000000000000003
Copenhagen,2023-01-31,-1.9500000000000002
Copenhagen,2023-02-01,-2.2
Copenhagen,2023-02-02,-3.45
Copenhagen,2023-02-03,-2.5
Copenhagen,2023-02-04,-6.800000000000001
Copenhagen,2023-02-05,-3.95
Copenhagen,2023-02-06,-2.45
Copenhagen,2023-02-07,-3.6
Copenhagen,2023-02-08,-4.15
Copenhagen,2023-02-09,-4.3
Copenhagen,2023-02-10,-0.5000000000000001
Copenhagen,2023-02-11,1.8499999999999999
Copenhagen,2023-02-12,2.0500000000000003
Copenhagen,2023-02-13,0.95
Copenhagen,2023-02-14,-0.050000000000000044
Copenhagen,2023-02-15,-1.6
Copenhagen,2023-02-16,1.3499999999999999
Copenhagen,2023-02-17,-0.5999999999999999
Copenhagen,2023-02-18,-1.4500000000000002
Copenhagen,2023-02-19,-2.0
Copenhagen,2023-02-20,0.09999999999999987
Copenhagen,2023-02-21,0.6499999999999999
Copenhagen,2023-02-22,-2.0
Copenhagen,2023-02-23,0.3999999999999999
Copenhagen,2023-02-24,-1.5
Copenhagen,2023-02-25,-6.1
Copenhagen,2023-02-26,-4.5
Copenhagen,2023-02-27,-1.1999999999999997
Copenhagen,2023-02-28,-0.3999999999999999
Copenhagen,2023-03-01,-0.9500000000000002
Copenhagen,2023-03-02,0.5
Copenhagen,2023-03-03,-0.9999999999999998
Copenhagen,2023-03-04,-3.4
Copenhagen,2023-03-05,-4.85
Copenhagen,2023-03-06,-4.2
Copenhagen,2023-03-07,-5.85
Copenhagen,2023-03-08,-5.3
Copenhagen,2023-03-09,-4.7
Copenhagen,2023-03-10,-4.2
Copenhagen,2023-03-11,-4.45
Copenhagen,2023-03-12,-3.75
Copenhagen,2023-03-13,0.44999999999999996
Copenhagen,2023-03-14,-0.19999999999999996
Copenhagen,2023-03-15,-2.9
Copenhagen,2023-03-16,-1.9
Copenhagen,2023-03-17,-0.75
Copenhagen,2023-03-18,5.0
Copenhagen,2023-03-19,1.7999999999999998
Copenhagen,2023-03-20,1.8
Copenhagen,2023-03-21,0.15000000000000013
Copenhagen,2023-03-22,3.6
Copenhagen,2023-03-23,4.0
Copenhagen,2023-03-24,3.1
Copenhagen,2023-03-25,3.3
Copenhagen,2023-03-26,-1.6500000000000001
Copenhagen,2023-03-27,-3.1
Copenhagen,2023-03-28,-3.65
Copenhagen,2023-03-29,0.75
Copenhagen,2023-03-30,4.3
Copenhagen,2023-03-31,2.0
Copenhagen,2023-04-01,-1.8
Copenhagen,2023-04-02,-1.1500000000000001
Copenhagen,2023-04-03,-1.7
Copenhagen,2023-04-04,-0.10000000000000009
Copenhagen,2023-04-05,0.44999999999999996
Copenhagen,2023-04-06,-1.0499999999999998
Copenhagen,2023-04-07,0.10000000000000009
Copenhagen,2023-04-08,5.3500000000000005
Copenhagen,2023-04-09,3.0500000000000003
Copenhagen,2023-04-10,1.0
Copenhagen,2023-04-11,3.85
Copenhagen,2023-04-12,1.1
Copenhagen,2023-04-13,3.4
Copenhagen,2023-04-14,3.95
Copenhagen,2023-04-15,4.949999999999999
Copenhagen,2023-04-16,5.050000000000001
Copenhagen,2023-04-17,4.199999999999999
Copenhagen,2023-04-18,5.2
Copenhagen,2023-04-19,3.8000000000000003
Copenhagen,2023-04-20,4.75
Copenhagen,2023-04-21,6.85
Copenhagen,2023-04-22,6.65
Copenhagen,2023-04-23,7.3
Copenhagen,2023-04-24,5.75
Copenhagen,2023-04-25,0.65
Copenhagen,2023-04-26,0.3500000000000001
Copenhagen,2023-04-27,0.8999999999999999
Copenhagen,2023-04-28,2.35
Copenhagen,2023-04-29,4.8
Copenhagen,2023-04-30,2.0500000000000003
Copenhagen,2023-05-01,4.2
Copenhagen,2023-05-02,3.8
Copenhagen,2023-05-03,5.0
Copenhagen,2023-05-04,4.55
Copenhagen,2023-05-05,-1.6500000000000001
Copenhagen,2023-05-06,0.25
Copenhagen,2023-05-07,4.5
Copenhagen,2023-05-08,5.7
Copenhagen,2023-05-09,6.050000000000001
Copenhagen,2023-05-10,7.55
Copenhagen,2023-05-11,10.45
Copenhagen,2023-05-12,12.3
Copenhagen,2023-05-13,11.2
Copenhagen,2023-05-14,13.350000000000001
Copenhagen,2023-05-15,13.95
Copenhagen,2023-05-16,7.8500000000000005
Copenhagen,2023-05-17,3.85
Copenhagen,2023-05-18,5.8500000000000005
Copenhagen,2023-05-19,7.0
Copenhagen,2023-05-20,9.4
Copenhagen,2023-05-21,14.450000000000001
Copenhagen,2023-05-22,15.0
Copenhagen,2023-05-23,11.6
Copenhagen,2023-05-24,12.65
Copenhagen,2023-05-25,10.399999999999999
Copenhagen,2023-05-26,8.3
Copenhagen,2023-05-27,10.2
Copenhagen,2023-05-28,10.8
Copenhagen,2023-05-29,10.15
Copenhagen,2023-05-30,13.05
Copenhagen,2023-05-31,12.6
Copenhagen,2023-06-01,12.149999999999999
Copenhagen,2023-06-02,9.75
Copenhagen,2023-06-03,9.2
Copenhagen,2023-06-04,12.8
Copenhagen,2023-06-05,12.6
Copenhagen,2023-06-06,14.350000000000001
Copenhagen,2023-06-07,14.399999999999999
Copenhagen,2023-06-08,15.45
Copenhagen,2023-06-09,13.25
Copenhagen,2023-06-10,12.100000000000001
Copenhagen,2023-06-11,12.8
Copenhagen,2023-06-12,13.950000000000001
Copenhagen,2023-06-13,14.35
Copenhagen,2023-06-14,16.5
Copenhagen,2023-06-15,17.15
Copenhagen,2023-06-16,17.95
Copenhagen,2023-06-17,17.35
Copenhagen,2023-06-18,17.0
Copenhagen,2023-06-19,17.2
Copenhagen,2023-06-20,20.75
Copenhagen,2023-06-21,20.549999999999997
Copenhagen,2023-06-22,19.9
Copenhagen,2023-06-23,16.9
Copenhagen,2023-06-24,17.0
Copenhagen,2023-06-25,19.4
Copenhagen,2023-06-26,17.9
Copenhagen,2023-06-27,13.350000000000001
Copenhagen,2023-06-28,16.9
Copenhagen,2023-06-29,17.8
Copenhagen,2023-06-30,16.45
Copenhagen,2023-07-01,14.45
Copenhagen,2023-07-02,11.350000000000001
Copenhagen,2023-07-03,11.25
Copenhagen,2023-07-04,10.2
Copenhagen,2023-07-05,12.55
Copenhagen,2023-07-06,12.350000000000001
Copenhagen,2023-07-07,15.2
Copenhagen,2023-07-08,16.450000000000003
Copenhagen,2023-07-09,18.2
Copenhagen,2023-07-10,17.6
Copenhagen,2023-07-11,15.5
Copenhagen,2023-07-12,17.4
Copenhagen,2023-07-13,15.95
Copenhagen,2023-07-14,15.85
Copenhagen,2023-07-15,18.299999999999997
Copenhagen,2023-07-16,17.2
Copenhagen,2023-07-17,14.399999999999999
Copenhagen,2023-07-18,13.5
Copenhagen,2023-07-19,13.9
Copenhagen,2023-07-20,12.95
Copenhagen,2023-07-21,13.7
Copenhagen,2023-07-22,13.7
Copenhagen,2023-07-23,14.6
Copenhagen,2023-07-24,17.45
Copenhagen,2023-07-25,13.950000000000001
Copenhagen,2023-07-26,12.25
Copenhagen,2023-07-27,14.3
Copenhagen,2023-07-28,15.8
Copenhagen,2023-07-29,18.15
Copenhagen,2023-07-30,15.95
Copenhagen,2023-07-31,14.55
Copenhagen,2023-08-01,16.55
Copenhagen,2023-08-02,16.2
Copenhagen,2023-08-03,17.4
Copenhagen,2023-08-04,15.5
Copenhagen,2023-08-05,14.850000000000001
Copenhagen,2023-08-06,12.05
Copenhagen,2023-08-07,9.35
Copenhagen,2023-08-08,8.85
Copenhagen,2023-08-09,9.55
Copenhagen,2023-08-10,10.600000000000001
Copenhagen,2023-08-11,14.850000000000001
Copenhagen,2023-08-12,17.5
Copenhagen,2023-08-13,17.5
Copenhagen,2023-08-14,18.45
Copenhagen,2023-08-15,20.0
Copenhagen,2023-08-16,16.5
Copenhagen,2023-08-17,17.0
Copenhagen,2023-08-18,17.6
Copenhagen,2023-08-19,20.4
Copenhagen,2023-08-20,19.85
Copenhagen,2023-08-21,17.6
Copenhagen,2023-08-22,18.55
Copenhagen,2023-08-23,17.85
Copenhagen,2023-08-24,16.7
Copenhagen,2023-08-25,19.2
Copenhagen,2023-08-26,17.299999999999997
Copenhagen,2023-08-27,15.75
Copenhagen,2023-08-28,14.35
Copenhagen,2023-08-29,14.4
Copenhagen,2023-08-30,14.9
Copenhagen,2023-08-31,13.850000000000001
Copenhagen,2023-09-01,14.75
Copenhagen,2023-09-02,15.149999999999999
Copenhagen,2023-09-03,14.15
Copenhagen,2023-09-04,18.55
Copenhagen,2023-09-05,16.7
Copenhagen,2023-09-06,17.65
Copenhagen,2023-09-07,18.15
Copenhagen,2023-09-08,19.35
Copenhagen,2023-09-09,19.45
Copenhagen,2023-09-10,21.1
Copenhagen,2023-09-11,17.4
Copenhagen,2023-09-12,19.1
Copenhagen,2023-09-13,13.8
Copenhagen,2023-09-14,12.9
Copenhagen,2023-09-15,13.95
Copenhagen,2023-09-16,16.45
Copenhagen,2023-09-17,17.3
Copenhagen,2023-09-18,15.85
Copenhagen,2023-09-19,13.55
Copenhagen,2023-09-20,15.600000000000001
Copenhagen,2023-09-21,17.1
Copenhagen,2023-09-22,16.45
Copenhagen,2023-09-23,12.3
Copenhagen,2023-09-24,12.1
Copenhagen,2023-09-25,13.2
Copenhagen,2023-09-26,14.6
Copenhagen,2023-09-27,17.25
Copenhagen,2023-09-28,17.85
Copenhagen,2023-09-29,14.4
Copenhagen,2023-09-30,11.7
Copenhagen,2023-10-01,12.55
Copenhagen,2023-10-02,17.25
Copenhagen,2023-10-03,12.45
Copenhagen,2023-10-04,9.3
Copenhagen,2023-10-05,9.7
Copenhagen,2023-10-06,11.35
Copenhagen,2023-10-07,8.45
Copenhagen,2023-10-08,6.1
Copenhagen,2023-10-09,8.55
Copenhagen,2023-10-10,11.05
Copenhagen,2023-10-11,10.65
Copenhagen,2023-10-12,6.6
Copenhagen,2023-10-13,9.95
Copenhagen,2023-10-14,7.3999999999999995
Copenhagen,2023-10-15,3.5
Copenhagen,2023-10-16,4.3
Copenhagen,2023-10-17,5.0
Copenhagen,2023-10-18,7.0
Copenhagen,2023-10-19,0.15000000000000002
Copenhagen,2023-10-20,-3.2
Copenhagen,2023-10-21,3.5999999999999996
Copenhagen,2023-10-22,8.649999999999999
Copenhagen,2023-10-23,6.75
Copenhagen,2023-10-24,5.45
Copenhagen,2023-10-25,4.75
Copenhagen,2023-10-26,3.3
Copenhagen,2023-10-27,2.25
Copenhagen,2023-10-28,2.45
Copenhagen,2023-10-29,5.95
Copenhagen,2023-10-30,7.6499999999999995
Copenhagen,2023-10-31,5.0
Copenhagen,2023-11-01,3.9
Copenhagen,2023-11-02,6.25
Copenhagen,2023-11-03,6.449999999999999
Copenhagen,2023-11-04,4.7
Copenhagen,2023-11-05,5.55
Copenhagen,2023-11-06,5.65
Copenhagen,2023-11-07,5.0
Copenhagen,2023-11-08,4.85
Copenhagen,2023-11-09,5.05
Copenhagen,2023-11-10,3.8499999999999996
Copenhagen,2023-11-11,4.05
Copenhagen,2023-11-12,4.050000000000001
Copenhagen,2023-11-13,1.15
Copenhagen,2023-11-14,0.95
Copenhagen,2023-11-15,1.35
Copenhagen,2023-11-16,-0.5
Copenhagen,2023-11-17,-1.2
Copenhagen,2023-11-18,-1.4500000000000002
Copenhagen,2023-11-19,-1.5
Copenhagen,2023-11-20,0.55
Copenhagen,2023-11-21,-1.75
Copenhagen,2023-11-22,-2.9499999999999997
Copenhagen,2023-11-23,0.8
Copenhagen,2023-11-24,-3.3
Copenhagen,2023-11-25,-4.6
Copenhagen,2023-11-26,-4.95
Copenhagen,2023-11-27,-7.8
Copenhagen,2023-11-28,-10.2
Copenhagen,2023-11-29,-6.949999999999999
Copenhagen,2023-11-30,-5.8
Copenhagen,2023-12-01,-5.75
Copenhagen,2023-12-02,-6.0
Copenhagen,2023-12-03,-5.0
Copenhagen,2023-12-04,-4.15
Copenhagen,2023-12-05,-4.5
Copenhagen,2023-12-06,-4.800000000000001
Copenhagen,2023-12-07,-2.15
Copenhagen,2023-12-08,-2.25
Copenhagen,2023-12-09,-1.75
Copenhagen,2023-12-10,-1.5499999999999998
Copenhagen,2023-12-11,-0.30000000000000004
Copenhagen,2023-12-12,-3.75
Copenhagen,2023-12-13,-6.1
Copenhagen,2023-12-14,-4.6
Copenhagen,2023-12-15,-0.5499999999999999
Copenhagen,2023-12-16,1.6
Copenhagen,2023-12-17,2.8
Copenhagen,2023-12-18,3.05
Copenhagen,2023-12-19,1.65
Copenhagen,2023-12-20,-2.4
Copenhagen,2023-12-21,-2.2
Copenhagen,2023-12-22,-5.85
Copenhagen,2023-12-23,-4.85
Copenhagen,2023-12-24,-0.6499999999999999
Copenhagen,2023-12-25,-0.8
Copenhagen,2023-12-26,-1.15
Copenhagen,2023-12-27,-1.9499999999999997
Copenhagen,2023-12-28,-0.1499999999999999
Copenhagen,2023-12-29,-0.050000000000000044
Copenhagen,2023-12-30,-0.8499999999999999
Copenhagen,2023-12-31,-0.44999999999999996
Copenhagen,2024-01-01,0.30000000000000004
Copenhagen,2024-01-02,-4.05
Copenhagen,2024-01-03,-7.9
Copenhagen,2024-01-04,-10.15
Copenhagen,2024-01-05,-12.399999999999999
Copenhagen,2024-01-06,-12.7
Copenhagen,2024-01-07,-11.8
Copenhagen,2024-01-08,-9.75
Copenhagen,2024-01-09,-6.1
Copenhagen,2024-01-10,-4.5
Copenhagen,2024-01-11,-5.15
Copenhagen,2024-01-12,-6.25
Copenhagen,2024-01-13,-4.1
Copenhagen,2024-01-14,-4.25
Copenhagen,2024-01-15,-7.75
Copenhagen,2024-01-16,-8.4
Copenhagen,2024-01-17,-7.3
Copenhagen,2024-01-18,-6.75
Copenhagen,2024-01-19,-5.9
Copenhagen,2024-01-20,-3.35
Copenhagen,2024-01-21,-4.4
Copenhagen,2024-01-22,-1.7
Copenhagen,2024-01-23,-1.75
Copenhagen,2024-01-24,-0.9999999999999998
Copenhagen,2024-01-25,-0.6000000000000001
Copenhagen,2024-01-26,-1.05
Copenhagen,2024-01-27,-1.3499999999999999
Copenhagen,2024-01-28,-1.8499999999999999
Copenhagen,2024-01-29,-0.4
Copenhagen,2024-01-30,0.6500000000000001
Copenhagen,2024-01-31,-1.35
Copenhagen,2024-02-01,-1.95
Copenhagen,2024-02-02,-0.1499999999999999
Copenhagen,2024-02-03,0.25
Copenhagen,2024-02-04,-1.2999999999999998
Copenhagen,2024-02-05,-1.0499999999999998
Copenhagen,2024-02-06,-0.30000000000000004
Copenhagen,2024-02-07,-4.5
Copenhagen,2024-02-08,-3.9000000000000004
Copenhagen,2024-02-09,-6.05
Copenhagen,2024-02-10,-4.9
Copenhagen,2024-02-11,-4.2
Copenhagen,2024-02-12,-2.05
Copenhagen,2024-02-13,-0.4
Copenhagen,2024-02-14,-0.050000000000000044
Copenhagen,2024-02-15,2.85
Copenhagen,2024-02-16,3.3
Copenhagen,2024-02-17,-1.4
Copenhagen,2024-02-18,-2.4499999999999997
Copenhagen,2024-02-19,0.04999999999999993
Copenhagen,2024-02-20,2.35
Copenhagen,2024-02-21,1.65
Copenhagen,2024-02-22,0.45
Copenhagen,2024-02-23,-0.95
Copenhagen,2024-02-24,-0.050000000000000044
Copenhagen,2024-02-25,-0.09999999999999998
Copenhagen,2024-02-26,-0.44999999999999996
Copenhagen,2024-02-27,-1.5999999999999999
Copenhagen,2024-02-28,-1.05
Copenhagen,2024-02-29,-1.3499999999999999
Copenhagen,2024-03-01,0.40000000000000013
Copenhagen,2024-03-02,1.7999999999999998
Copenhagen,2024-03-03,1.05
Copenhagen,2024-03-04,-0.8500000000000001
Copenhagen,2024-03-05,-2.4000000000000004
Copenhagen,2024-03-06,-1.85
Copenhagen,2024-03-07,-1.9000000000000001
Copenhagen,2024-03-08,-2.55
Copenhagen,2024-03-09,-4.3
Copenhagen,2024-03-10,-5.15
Copenhagen,2024-03-11,-2.4
Copenhagen,2024-03-12,-0.10000000000000009
Copenhagen,2024-03-13,0.3999999999999999
Copenhagen,2024-03-14,4.699999999999999
Copenhagen,2024-03-15,5.05
Copenhagen,2024-03-16,-0.34999999999999987
Copenhagen,2024-03-17,-2.15
Copenhagen,2024-03-18,-3.9000000000000004
Copenhagen,2024-03-19,-2.3000000000000003
Copenhagen,2024-03-20,2.2
Copenhagen,2024-03-21,2.6
Copenhagen,2024-03-22,2.45
Copenhagen,2024-03-23,0.95
Copenhagen,2024-03-24,0.29999999999999993
Copenhagen,2024-03-25,0.9000000000000001
Copenhagen,2024-03-26,0.0
Copenhagen,2024-03-27,3.65
Copenhagen,2024-03-28,3.7
Copenhagen,2024-03-29,2.0
Copenhagen,2024-03-30,4.4
Copenhagen,2024-03-31,6.4
Copenhagen,2024-04-01,4.800000000000001
Copenhagen,2024-04-02,-0.10000000000000009
Copenhagen,2024-04-03,-1.85
Copenhagen,2024-04-04,-0.6499999999999999
Copenhagen,2024-04-05,3.6
Copenhagen,2024-04-06,8.55
Copenhagen,2024-04-07,8.0
Copenhagen,2024-04-08,6.95
Copenhagen,2024-04-09,7.5
Copenhagen,2024-04-10,3.65
Copenhagen,2024-04-11,5.3500000000000005
Copenhagen,2024-04-12,7.3
Copenhagen,2024-04-13,8.75
Copenhagen,2024-04-14,3.5500000000000003
Copenhagen,2024-04-15,2.35
Copenhagen,2024-04-16,2.7
Copenhagen,2024-04-17,2.8499999999999996
Copenhagen,2024-04-18,2.15
Copenhagen,2024-04-19,0.1499999999999999
Copenhagen,2024-04-20,0.09999999999999987
Copenhagen,2024-04-21,0.95
Copenhagen,2024-04-22,-2.15
Copenhagen,2024-04-23,-0.95
Copenhagen,2024-04-24,1.3
Copenhagen,2024-04-25,1.15
Copenhagen,2024-04-26,1.0
Copenhagen,2024-04-27,3.7
Copenhagen,2024-04-28,6.8999999999999995
Copenhagen,2024-04-29,8.45
Copenhagen,2024-04-30,8.95
Copenhagen,2024-05-01,9.95
Copenhagen,2024-05-02,9.3
Copenhagen,2024-05-03,10.45
Copenhagen,2024-05-04,10.6
Copenhagen,2024-05-05,8.75
Copenhagen,2024-05-06,8.55
Copenhagen,2024-05-07,7.75
Copenhagen,2024-05-08,6.1000000000000005
Copenhagen,2024-05-09,9.4
Copenhagen,2024-05-10,10.100000000000001
Copenhagen,2024-05-11,9.75
Copenhagen,2024-05-12,7.0
Copenhagen,2024-05-13,8.75
Copenhagen,2024-05-14,11.6
Copenhagen,2024-05-15,12.2
Copenhagen,2024-05-16,11.5
Copenhagen,2024-05-17,11.8
Copenhagen,2024-05-18,14.2
Copenhagen,2024-05-19,15.549999999999999
Copenhagen,2024-05-20,15.0
Copenhagen,2024-05-21,12.75
Copenhagen,2024-05-22,13.5
Copenhagen,2024-05-23,14.25
Copenhagen,2024-05-24,15.1
Copenhagen,2024-05-25,15.85
Copenhagen,2024-05-26,16.700000000000003
Copenhagen,2024-05-27,15.0
Copenhagen,2024-05-28,13.600000000000001
Copenhagen,2024-05-29,12.55
Copenhagen,2024-05-30,14.700000000000001
Copenhagen,2024-05-31,18.15
Copenhagen,2024-06-01,19.25
Copenhagen,2024-06-02,19.55
Copenhagen,2024-06-03,12.899999999999999
Copenhagen,2024-06-04,12.649999999999999
Copenhagen,2024-06-05,10.399999999999999
Copenhagen,2024-06-06,8.45
Copenhagen,2024-06-07,9.7
Copenhagen,2024-06-08,9.149999999999999
Copenhagen,2024-06-09,6.65
Copenhagen,2024-06-10,9.1
Copenhagen,2024-06-11,10.75
Copenhagen,2024-06-12,8.55
Copenhagen,2024-06-13,8.15
Copenhagen,2024-06-14,11.0
Copenhagen,2024-06-15,11.5
Copenhagen,2024-06-16,13.8
Copenhagen,2024-06-17,15.05
Copenhagen,2024-06-18,14.5
Copenhagen,2024-06-19,10.8
Copenhagen,2024-06-20,11.75
Copenhagen,2024-06-21,14.35
Copenhagen,2024-06-22,15.25
Copenhagen,2024-06-23,13.5
Copenhagen,2024-06-24,16.0
Copenhagen,2024-06-25,16.05
Copenhagen,2024-06-26,20.4
Copenhagen,2024-06-27,21.85
Copenhagen,2024-06-28,18.1
Copenhagen,2024-06-29,14.95
Copenhagen,2024-06-30,14.1
Copenhagen,2024-07-01,13.8
Copenhagen,2024-07-02,11.7
Copenhagen,2024-07-03,11.7
Copenhagen,2024-07-04,10.4
Copenhagen,2024-07-05,10.3
Copenhagen,2024-07-06,14.15
Copenhagen,2024-07-07,11.8
Copenhagen,2024-07-08,14.6
Copenhagen,2024-07-09,16.1
Copenhagen,2024-07-10,18.9
Copenhagen,2024-07-11,18.65
Copenhagen,2024-07-12,18.15
Copenhagen,2024-07-13,15.25
Copenhagen,2024-07-14,15.3
Copenhagen,2024-07-15,16.65
Copenhagen,2024-07-16,17.9
Copenhagen,2024-07-17,17.05
Copenhagen,2024-07-18,14.9
Copenhagen,2024-07-19,17.6
Copenhagen,2024-07-20,18.95
Copenhagen,2024-07-21,19.700000000000003
Copenhagen,2024-07-22,16.700000000000003
Copenhagen,2024-07-23,15.9
Copenhagen,2024-07-24,16.75
Copenhagen,2024-07-25,16.25
Copenhagen,2024-07-26,17.35
Copenhagen,2024-07-27,17.0
Copenhagen,2024-07-28,14.75
Copenhagen,2024-07-29,15.55
Copenhagen,2024-07-30,17.45
Copenhagen,2024-07-31,16.4
Copenhagen,2024-08-01,16.25
Copenhagen,2024-08-02,17.9
Copenhagen,2024-08-03,17.15
Copenhagen,2024-08-04,16.6
Copenhagen,2024-08-05,15.649999999999999
Copenhagen,2024-08-06,16.9
Copenhagen,2024-08-07,20.0
Copenhagen,2024-08-08,17.65
Copenhagen,2024-08-09,16.25
Copenhagen,2024-08-10,15.1
Copenhagen,2024-08-11,14.35
Copenhagen,2024-08-12,15.7
Copenhagen,2024-08-13,15.5
Copenhagen,2024-08-14,19.65
Copenhagen,2024-08-15,21.9
Copenhagen,2024-08-16,18.0
Copenhagen,2024-08-17,16.0
Copenhagen,2024-08-18,14.25
Copenhagen,2024-08-19,15.049999999999999
Copenhagen,2024-08-20,15.549999999999999
Copenhagen,2024-08-21,14.9
Copenhagen,2024-08-22,13.7
Copenhagen,2024-08-23,15.799999999999999
Copenhagen,2024-08-24,16.4
Copenhagen,2024-08-25,16.4
Copenhagen,2024-08-26,15.2
Copenhagen,2024-08-27,17.1
Copenhagen,2024-08-28,18.5
Copenhagen,2024-08-29,21.3
Copenhagen,2024-08-30,16.6
Copenhagen,2024-08-31,15.100000000000001
Copenhagen,2024-09-01,14.600000000000001
Copenhagen,2024-09-02,14.3
Copenhagen,2024-09-03,18.799999999999997
Copenhagen,2024-09-04,22.3
Copenhagen,2024-09-05,20.950000000000003
Copenhagen,2024-09-06,19.9
Copenhagen,2024-09-07,20.5
Copenhagen,2024-09-08,21.85
Copenhagen,2024-09-09,18.15
Copenhagen,2024-09-10,11.95
Copenhagen,2024-09-11,11.0
Copenhagen,2024-09-12,9.6
Copenhagen,2024-09-13,9.649999999999999
Copenhagen,2024-09-14,10.15
Copenhagen,2024-09-15,10.8
Copenhagen,2024-09-16,10.649999999999999
Copenhagen,2024-09-17,14.6
Copenhagen,2024-09-18,15.9
Copenhagen,2024-09-19,15.35
Copenhagen,2024-09-20,17.7
Copenhagen,2024-09-21,17.1
Copenhagen,2024-09-22,16.35
Copenhagen,2024-09-23,16.0
Copenhagen,2024-09-24,14.399999999999999
Copenhagen,2024-09-25,10.95
Copenhagen,2024-09-26,11.399999999999999
Copenhagen,2024-09-27,10.8
Copenhagen,2024-09-28,7.8
Copenhagen,2024-09-29,6.75
Copenhagen,2024-09-30,7.5
Copenhagen,2024-10-01,5.800000000000001
Copenhagen,2024-10-02,5.45
Copenhagen,2024-10-03,6.550000000000001
Copenhagen,2024-10-04,7.300000000000001
Copenhagen,2024-10-05,7.800000000000001
Copenhagen,2024-10-06,7.85
Copenhagen,2024-10-07,9.149999999999999
Copenhagen,2024-10-08,11.45
Copenhagen,2024-10-09,12.850000000000001
Copenhagen,2024-10-10,7.949999999999999
Copenhagen,2024-10-11,4.5
Copenhagen,2024-10-12,6.35
Copenhagen,2024-10-13,6.85
Copenhagen,2024-10-14,5.6
Copenhagen,2024-10-15,6.05
Copenhagen,2024-10-16,5.699999999999999
Copenhagen,2024-10-17,7.7
Copenhagen,2024-10-18,10.2
Copenhagen,2024-10-19,10.35
Copenhagen,2024-10-20,11.3
Copenhagen,2024-10-21,10.7
Copenhagen,2024-10-22,9.2
Copenhagen,2024-10-23,8.0
Copenhagen,2024-10-24,8.350000000000001
Copenhagen,2024-10-25,7.5
Copenhagen,2024-10-26,7.3
